<?xml version="1.0" encoding="UTF-8"?>
<metadata xml:lang="pl"><Esri><CreaDate>20210618</CreaDate><CreaTime>22080600</CreaTime><ArcGISFormat>1.0</ArcGISFormat><SyncOnce>TRUE</SyncOnce><DataProperties><lineage><Process ToolSource="c:\program files (x86)\arcgis\desktop10.7\ArcToolbox\Toolboxes\Data Management Tools.tbx\CalculateField" Date="20210618" Time="220806">CalculateField gleby wartosc 1 VB #</Process><Process Name="Add Field (4)" ToolSource="c:\program files (x86)\arcgis\desktop10.7\ArcToolbox\Toolboxes\Data Management Tools.tbx\AddField" Date="20220529" Time="174643">AddField gleby wartosc LONG # # # # NULLABLE NON_REQUIRED #</Process><Process Name="Calculate Field (4)" ToolSource="c:\program files (x86)\arcgis\desktop10.7\ArcToolbox\Toolboxes\Data Management Tools.tbx\CalculateField" Date="20220529" Time="174643">CalculateField gleby wartosc reclass( !ocena!) PYTHON_9.3 "def reclass(ocena):\n    if ocena == 'tak':\n        return 1\n    else:\n        return 0"</Process><Process Name="Add Field (4)" ToolSource="c:\program files (x86)\arcgis\desktop10.7\ArcToolbox\Toolboxes\Data Management Tools.tbx\AddField" Date="20220529" Time="181338">AddField gleby wartosc LONG # # # # NULLABLE NON_REQUIRED #</Process><Process Name="Calculate Field (4)" ToolSource="c:\program files (x86)\arcgis\desktop10.7\ArcToolbox\Toolboxes\Data Management Tools.tbx\CalculateField" Date="20220529" Time="181338">CalculateField gleby wartosc reclass( !ocena!) PYTHON_9.3 "def reclass(ocena):\n    if ocena == 'tak':\n        return 1\n    else:\n        return 0"</Process><Process Name="Add Field (4)" ToolSource="c:\program files (x86)\arcgis\desktop10.7\ArcToolbox\Toolboxes\Data Management Tools.tbx\AddField" Date="20220529" Time="181940">AddField gleby wartosc LONG # # # # NULLABLE NON_REQUIRED #</Process><Process Name="Calculate Field (4)" ToolSource="c:\program files (x86)\arcgis\desktop10.7\ArcToolbox\Toolboxes\Data Management Tools.tbx\CalculateField" Date="20220529" Time="181940">CalculateField gleby wartosc reclass( !ocena!) PYTHON_9.3 "def reclass(ocena):\n    if ocena == 'tak':\n        return 1\n    else:\n        return 0"</Process><Process Name="Add Field (4)" ToolSource="c:\program files (x86)\arcgis\desktop10.7\ArcToolbox\Toolboxes\Data Management Tools.tbx\AddField" Date="20220529" Time="182141">AddField gleby wartosc LONG # # # # NULLABLE NON_REQUIRED #</Process><Process Name="Calculate Field (4)" ToolSource="c:\program files (x86)\arcgis\desktop10.7\ArcToolbox\Toolboxes\Data Management Tools.tbx\CalculateField" Date="20220529" Time="182141">CalculateField gleby wartosc reclass( !ocena!) PYTHON_9.3 "def reclass(ocena):\n    if ocena == 'tak':\n        return 1\n    else:\n        return 0"</Process><Process Name="Add Field (4)" ToolSource="c:\program files (x86)\arcgis\desktop10.7\ArcToolbox\Toolboxes\Data Management Tools.tbx\AddField" Date="20220529" Time="182234">AddField gleby wartosc LONG # # # # NULLABLE NON_REQUIRED #</Process><Process Name="Calculate Field (4)" ToolSource="c:\program files (x86)\arcgis\desktop10.7\ArcToolbox\Toolboxes\Data Management Tools.tbx\CalculateField" Date="20220529" Time="182234">CalculateField gleby wartosc reclass( !ocena!) PYTHON_9.3 "def reclass(ocena):\n    if ocena == 'tak':\n        return 1\n    else:\n        return 0"</Process><Process Name="Add Field (4)" ToolSource="c:\program files (x86)\arcgis\desktop10.7\ArcToolbox\Toolboxes\Data Management Tools.tbx\AddField" Date="20220529" Time="182351">AddField gleby wartosc LONG # # # # NULLABLE NON_REQUIRED #</Process><Process Name="Calculate Field (4)" ToolSource="c:\program files (x86)\arcgis\desktop10.7\ArcToolbox\Toolboxes\Data Management Tools.tbx\CalculateField" Date="20220529" Time="182351">CalculateField gleby wartosc reclass( !ocena!) PYTHON_9.3 "def reclass(ocena):\n    if ocena == 'tak':\n        return 1\n    else:\n        return 0"</Process><Process Name="Add Field (4)" ToolSource="c:\program files (x86)\arcgis\desktop10.7\ArcToolbox\Toolboxes\Data Management Tools.tbx\AddField" Date="20220530" Time="145737">AddField gleby wartosc LONG # # # # NULLABLE NON_REQUIRED #</Process><Process Name="Calculate Field (4)" ToolSource="c:\program files (x86)\arcgis\desktop10.7\ArcToolbox\Toolboxes\Data Management Tools.tbx\CalculateField" Date="20220530" Time="145737">CalculateField gleby wartosc reclass( !ocena!) PYTHON_9.3 "def reclass(ocena):\n    if ocena == 'tak':\n        return 1\n    else:\n        return 0"</Process><Process Name="Add Field (4)" ToolSource="c:\program files (x86)\arcgis\desktop10.7\ArcToolbox\Toolboxes\Data Management Tools.tbx\AddField" Date="20220530" Time="161108">AddField gleby wartosc LONG # # # # NULLABLE NON_REQUIRED #</Process><Process Name="Calculate Field (4)" ToolSource="c:\program files (x86)\arcgis\desktop10.7\ArcToolbox\Toolboxes\Data Management Tools.tbx\CalculateField" Date="20220530" Time="161108">CalculateField gleby wartosc reclass( !ocena!) PYTHON_9.3 "def reclass(ocena):\n    if ocena == 'tak':\n        return 1\n    else:\n        return 0"</Process><Process Name="Add Field (4)" ToolSource="c:\program files (x86)\arcgis\desktop10.7\ArcToolbox\Toolboxes\Data Management Tools.tbx\AddField" Date="20220530" Time="161256">AddField gleby wartosc LONG # # # # NULLABLE NON_REQUIRED #</Process><Process Name="Calculate Field (4)" ToolSource="c:\program files (x86)\arcgis\desktop10.7\ArcToolbox\Toolboxes\Data Management Tools.tbx\CalculateField" Date="20220530" Time="161256">CalculateField gleby wartosc reclass( !ocena!) PYTHON_9.3 "def reclass(ocena):\n    if ocena == 'tak':\n        return 1\n    else:\n        return 0"</Process></lineage></DataProperties></Esri></metadata>
