<?xml version="1.0" encoding="UTF-8"?>
<metadata xml:lang="pl"><Esri><CreaDate>20210618</CreaDate><CreaTime>18014400</CreaTime><ArcGISFormat>1.0</ArcGISFormat><SyncOnce>FALSE</SyncOnce><DataProperties><lineage><Process ToolSource="c:\program files (x86)\arcgis\desktop10.7\ArcToolbox\Toolboxes\Data Management Tools.tbx\CalculateField" Date="20210618" Time="170623">CalculateField zabudowa opis "zabudowa wielorodzinna" VB #</Process><Process ToolSource="c:\program files (x86)\arcgis\desktop10.7\ArcToolbox\Toolboxes\Data Management Tools.tbx\CalculateField" Date="20210618" Time="170654">CalculateField zabudowa opis "zabudowa jednorodzinna" VB #</Process><Process ToolSource="c:\program files (x86)\arcgis\desktop10.7\ArcToolbox\Toolboxes\Data Management Tools.tbx\CalculateField" Date="20210618" Time="170743">CalculateField zabudowa opis "zabudowa przemysłowo-składowa" VB #</Process><Process ToolSource="c:\program files (x86)\arcgis\desktop10.7\ArcToolbox\Toolboxes\Data Management Tools.tbx\CalculateField" Date="20210618" Time="170820">CalculateField zabudowa opis "zabudowa handlowo-usługowa" VB #</Process><Process ToolSource="c:\program files (x86)\arcgis\desktop10.7\ArcToolbox\Toolboxes\Data Management Tools.tbx\CalculateField" Date="20210618" Time="170850">CalculateField zabudowa opis "pozostała zabudowa" VB #</Process><Process ToolSource="c:\program files (x86)\arcgis\desktop10.7\ArcToolbox\Toolboxes\Data Management Tools.tbx\Merge" Date="20210618" Time="173255">Merge zabudowa;wody_pow;up_trwale;trawy_u_rolne;t_pod_drogami;s_odpadow;r_krzewiasta;plac;p_niezabud;lasy_zadrzew C:\Users\elvis\Documents\ArcGIS\Default.gdb\zabudowa_Merge2 "opis "opis" true true false 50 Text 0 0 ,First,#,zabudowa,opis,-1,-1,wody_pow,opis,-1,-1,up_trwale,opis,-1,-1,trawy_u_rolne,opis,-1,-1,t_pod_drogami,opis,-1,-1,s_odpadow,opis,-1,-1,r_krzewiasta,opis,-1,-1,plac,opis,-1,-1,p_niezabud,opis,-1,-1,lasy_zadrzew,opis,-1,-1"</Process><Process ToolSource="c:\program files (x86)\arcgis\desktop10.7\ArcToolbox\Toolboxes\Data Management Tools.tbx\CalculateField" Date="20210618" Time="214742">CalculateField pokrycie_terenu wartosc 1 VB #</Process><Process ToolSource="c:\program files (x86)\arcgis\desktop10.7\ArcToolbox\Toolboxes\Data Management Tools.tbx\CalculateField" Date="20210618" Time="214753">CalculateField pokrycie_terenu wartosc 1 VB #</Process><Process Name="Add Field" ToolSource="c:\program files (x86)\arcgis\desktop10.7\ArcToolbox\Toolboxes\Data Management Tools.tbx\AddField" Date="20220529" Time="181049">AddField pokrycie_terenu wartosc LONG # # # # NULLABLE NON_REQUIRED #</Process><Process Name="Calculate Field" ToolSource="c:\program files (x86)\arcgis\desktop10.7\ArcToolbox\Toolboxes\Data Management Tools.tbx\CalculateField" Date="20220529" Time="181057">CalculateField pokrycie_terenu wartosc reclass( !opis!) PYTHON_9.3 "def reclass(opis):\n    if opis == 'ogród działkowy' or opis == 'plantacja' or opis == 'roślinność trawiasta' or opis == 'sad' or opis == 'uprawa na gruntach ornych':\n        return 1\n    else:\n        return 0"</Process><Process Name="Add Field" ToolSource="c:\program files (x86)\arcgis\desktop10.7\ArcToolbox\Toolboxes\Data Management Tools.tbx\AddField" Date="20220529" Time="181340">AddField pokrycie_terenu wartosc LONG # # # # NULLABLE NON_REQUIRED #</Process><Process Name="Calculate Field" ToolSource="c:\program files (x86)\arcgis\desktop10.7\ArcToolbox\Toolboxes\Data Management Tools.tbx\CalculateField" Date="20220529" Time="181340">CalculateField pokrycie_terenu wartosc reclass( !opis!) PYTHON_9.3 "def reclass(opis):\n    if opis == 'ogród działkowy' or opis == 'plantacja' or opis == 'roślinność trawiasta' or opis == 'sad' or opis == 'uprawa na gruntach ornych':\n        return 1\n    else:\n        return 0"</Process><Process Name="Add Field" ToolSource="c:\program files (x86)\arcgis\desktop10.7\ArcToolbox\Toolboxes\Data Management Tools.tbx\AddField" Date="20220529" Time="181942">AddField pokrycie_terenu wartosc LONG # # # # NULLABLE NON_REQUIRED #</Process><Process Name="Calculate Field" ToolSource="c:\program files (x86)\arcgis\desktop10.7\ArcToolbox\Toolboxes\Data Management Tools.tbx\CalculateField" Date="20220529" Time="181942">CalculateField pokrycie_terenu wartosc reclass( !opis!) PYTHON_9.3 "def reclass(opis):\n    if opis == 'ogród działkowy' or opis == 'plantacja' or opis == 'roślinność trawiasta' or opis == 'sad' or opis == 'uprawa na gruntach ornych':\n        return 1\n    else:\n        return 0"</Process><Process Name="Add Field" ToolSource="c:\program files (x86)\arcgis\desktop10.7\ArcToolbox\Toolboxes\Data Management Tools.tbx\AddField" Date="20220529" Time="182143">AddField pokrycie_terenu wartosc LONG # # # # NULLABLE NON_REQUIRED #</Process><Process Name="Calculate Field" ToolSource="c:\program files (x86)\arcgis\desktop10.7\ArcToolbox\Toolboxes\Data Management Tools.tbx\CalculateField" Date="20220529" Time="182143">CalculateField pokrycie_terenu wartosc reclass( !opis!) PYTHON_9.3 "def reclass(opis):\n    if opis == 'ogród działkowy' or opis == 'plantacja' or opis == 'roślinność trawiasta' or opis == 'sad' or opis == 'uprawa na gruntach ornych':\n        return 1\n    else:\n        return 0"</Process><Process Name="Add Field" ToolSource="c:\program files (x86)\arcgis\desktop10.7\ArcToolbox\Toolboxes\Data Management Tools.tbx\AddField" Date="20220529" Time="182236">AddField pokrycie_terenu wartosc LONG # # # # NULLABLE NON_REQUIRED #</Process><Process Name="Calculate Field" ToolSource="c:\program files (x86)\arcgis\desktop10.7\ArcToolbox\Toolboxes\Data Management Tools.tbx\CalculateField" Date="20220529" Time="182236">CalculateField pokrycie_terenu wartosc reclass( !opis!) PYTHON_9.3 "def reclass(opis):\n    if opis == 'ogród działkowy' or opis == 'plantacja' or opis == 'roślinność trawiasta' or opis == 'sad' or opis == 'uprawa na gruntach ornych':\n        return 1\n    else:\n        return 0"</Process><Process Name="Add Field" ToolSource="c:\program files (x86)\arcgis\desktop10.7\ArcToolbox\Toolboxes\Data Management Tools.tbx\AddField" Date="20220529" Time="182352">AddField pokrycie_terenu wartosc LONG # # # # NULLABLE NON_REQUIRED #</Process><Process Name="Calculate Field" ToolSource="c:\program files (x86)\arcgis\desktop10.7\ArcToolbox\Toolboxes\Data Management Tools.tbx\CalculateField" Date="20220529" Time="182353">CalculateField pokrycie_terenu wartosc reclass( !opis!) PYTHON_9.3 "def reclass(opis):\n    if opis == 'ogród działkowy' or opis == 'plantacja' or opis == 'roślinność trawiasta' or opis == 'sad' or opis == 'uprawa na gruntach ornych':\n        return 1\n    else:\n        return 0"</Process><Process Name="Add Field" ToolSource="c:\program files (x86)\arcgis\desktop10.7\ArcToolbox\Toolboxes\Data Management Tools.tbx\AddField" Date="20220530" Time="145739">AddField pokrycie_terenu wartosc LONG # # # # NULLABLE NON_REQUIRED #</Process><Process Name="Calculate Field" ToolSource="c:\program files (x86)\arcgis\desktop10.7\ArcToolbox\Toolboxes\Data Management Tools.tbx\CalculateField" Date="20220530" Time="145739">CalculateField pokrycie_terenu wartosc reclass( !opis!) PYTHON_9.3 "def reclass(opis):\n    if opis == 'ogród działkowy' or opis == 'plantacja' or opis == 'roślinność trawiasta' or opis == 'sad' or opis == 'uprawa na gruntach ornych':\n        return 1\n    else:\n        return 0"</Process><Process Name="Add Field" ToolSource="c:\program files (x86)\arcgis\desktop10.7\ArcToolbox\Toolboxes\Data Management Tools.tbx\AddField" Date="20220530" Time="161109">AddField pokrycie_terenu wartosc LONG # # # # NULLABLE NON_REQUIRED #</Process><Process Name="Calculate Field" ToolSource="c:\program files (x86)\arcgis\desktop10.7\ArcToolbox\Toolboxes\Data Management Tools.tbx\CalculateField" Date="20220530" Time="161110">CalculateField pokrycie_terenu wartosc reclass( !opis!) PYTHON_9.3 "def reclass(opis):\n    if opis == 'ogród działkowy' or opis == 'plantacja' or opis == 'roślinność trawiasta' or opis == 'sad' or opis == 'uprawa na gruntach ornych':\n        return 1\n    else:\n        return 0"</Process><Process Name="Add Field" ToolSource="c:\program files (x86)\arcgis\desktop10.7\ArcToolbox\Toolboxes\Data Management Tools.tbx\AddField" Date="20220530" Time="161257">AddField pokrycie_terenu wartosc LONG # # # # NULLABLE NON_REQUIRED #</Process><Process Name="Calculate Field" ToolSource="c:\program files (x86)\arcgis\desktop10.7\ArcToolbox\Toolboxes\Data Management Tools.tbx\CalculateField" Date="20220530" Time="161257">CalculateField pokrycie_terenu wartosc reclass( !opis!) PYTHON_9.3 "def reclass(opis):\n    if opis == 'ogród działkowy' or opis == 'plantacja' or opis == 'roślinność trawiasta' or opis == 'sad' or opis == 'uprawa na gruntach ornych':\n        return 1\n    else:\n        return 0"</Process></lineage><itemProps><itemName Sync="TRUE">zabudowa_Merge2</itemName><imsContentType Sync="TRUE">002</imsContentType><itemLocation><linkage Sync="TRUE">file://\\LAPTOP-35J8EJOE\C$\Users\elvis\Documents\ArcGIS\Default.gdb</linkage><protocol Sync="TRUE">Local Area Network</protocol></itemLocation></itemProps><coordRef><type Sync="TRUE">Projected</type><geogcsn Sync="TRUE">GCS_ETRS_1989</geogcsn><csUnits Sync="TRUE">Linear Unit: Meter (1.000000)</csUnits><projcsn Sync="TRUE">ETRS_1989_Poland_CS92</projcsn><peXml Sync="TRUE">&lt;ProjectedCoordinateSystem xsi:type='typens:ProjectedCoordinateSystem' xmlns:xsi='http://www.w3.org/2001/XMLSchema-instance' xmlns:xs='http://www.w3.org/2001/XMLSchema' xmlns:typens='http://www.esri.com/schemas/ArcGIS/10.7'&gt;&lt;WKT&gt;PROJCS[&amp;quot;ETRS_1989_Poland_CS92&amp;quot;,GEOGCS[&amp;quot;GCS_ETRS_1989&amp;quot;,DATUM[&amp;quot;D_ETRS_1989&amp;quot;,SPHEROID[&amp;quot;GRS_1980&amp;quot;,6378137.0,298.257222101]],PRIMEM[&amp;quot;Greenwich&amp;quot;,0.0],UNIT[&amp;quot;Degree&amp;quot;,0.0174532925199433]],PROJECTION[&amp;quot;Transverse_Mercator&amp;quot;],PARAMETER[&amp;quot;False_Easting&amp;quot;,500000.0],PARAMETER[&amp;quot;False_Northing&amp;quot;,-5300000.0],PARAMETER[&amp;quot;Central_Meridian&amp;quot;,19.0],PARAMETER[&amp;quot;Scale_Factor&amp;quot;,0.9993],PARAMETER[&amp;quot;Latitude_Of_Origin&amp;quot;,0.0],UNIT[&amp;quot;Meter&amp;quot;,1.0],AUTHORITY[&amp;quot;EPSG&amp;quot;,2180]]&lt;/WKT&gt;&lt;XOrigin&gt;-5119200&lt;/XOrigin&gt;&lt;YOrigin&gt;-15295100&lt;/YOrigin&gt;&lt;XYScale&gt;10000&lt;/XYScale&gt;&lt;ZOrigin&gt;-100000&lt;/ZOrigin&gt;&lt;ZScale&gt;10000&lt;/ZScale&gt;&lt;MOrigin&gt;-100000&lt;/MOrigin&gt;&lt;MScale&gt;10000&lt;/MScale&gt;&lt;XYTolerance&gt;0.001&lt;/XYTolerance&gt;&lt;ZTolerance&gt;0.001&lt;/ZTolerance&gt;&lt;MTolerance&gt;0.001&lt;/MTolerance&gt;&lt;HighPrecision&gt;true&lt;/HighPrecision&gt;&lt;WKID&gt;2180&lt;/WKID&gt;&lt;LatestWKID&gt;2180&lt;/LatestWKID&gt;&lt;/ProjectedCoordinateSystem&gt;</peXml></coordRef></DataProperties><SyncDate>20210618</SyncDate><SyncTime>17325300</SyncTime><ModDate>20210618</ModDate><ModTime>17325300</ModTime></Esri><dataIdInfo><envirDesc Sync="TRUE"> Version 6.2 (Build 9200) ; Esri ArcGIS 10.7.1.11595</envirDesc><dataLang><languageCode value="pol" Sync="TRUE"></languageCode><countryCode value="POL" Sync="TRUE"></countryCode></dataLang><idCitation><resTitle Sync="TRUE">zabudowa_Merge2</resTitle><presForm><PresFormCd value="005" Sync="TRUE"></PresFormCd></presForm></idCitation><spatRpType><SpatRepTypCd value="001" Sync="TRUE"></SpatRepTypCd></spatRpType></dataIdInfo><mdLang><languageCode value="pol" Sync="TRUE"></languageCode><countryCode value="POL" Sync="TRUE"></countryCode></mdLang><distInfo><distFormat><formatName Sync="TRUE">File Geodatabase Feature Class</formatName></distFormat></distInfo><mdHrLv><ScopeCd value="005" Sync="TRUE"></ScopeCd></mdHrLv><mdHrLvName Sync="TRUE">dataset</mdHrLvName><refSysInfo><RefSystem><refSysID><identCode code="2180" Sync="TRUE"></identCode><idCodeSpace Sync="TRUE">EPSG</idCodeSpace><idVersion Sync="TRUE">6.12(9.0.0)</idVersion></refSysID></RefSystem></refSysInfo><spatRepInfo><VectSpatRep><geometObjs Name="zabudowa_Merge2"><geoObjTyp><GeoObjTypCd value="002" Sync="TRUE"></GeoObjTypCd></geoObjTyp><geoObjCnt Sync="TRUE">0</geoObjCnt></geometObjs><topLvl><TopoLevCd value="001" Sync="TRUE"></TopoLevCd></topLvl></VectSpatRep></spatRepInfo><spdoinfo><ptvctinf><esriterm Name="zabudowa_Merge2"><efeatyp Sync="TRUE">Simple</efeatyp><efeageom code="4" Sync="TRUE"></efeageom><esritopo Sync="TRUE">FALSE</esritopo><efeacnt Sync="TRUE">0</efeacnt><spindex Sync="TRUE">TRUE</spindex><linrefer Sync="TRUE">FALSE</linrefer></esriterm></ptvctinf></spdoinfo><eainfo><detailed Name="zabudowa_Merge2"><enttyp><enttypl Sync="TRUE">zabudowa_Merge2</enttypl><enttypt Sync="TRUE">Feature Class</enttypt><enttypc Sync="TRUE">0</enttypc></enttyp><attr><attrlabl Sync="TRUE">OBJECTID</attrlabl><attalias Sync="TRUE">OBJECTID</attalias><attrtype Sync="TRUE">OID</attrtype><attwidth Sync="TRUE">4</attwidth><atprecis Sync="TRUE">0</atprecis><attscale Sync="TRUE">0</attscale><attrdef Sync="TRUE">Internal feature number.</attrdef><attrdefs Sync="TRUE">Esri</attrdefs><attrdomv><udom Sync="TRUE">Sequential unique whole numbers that are automatically generated.</udom></attrdomv></attr><attr><attrlabl Sync="TRUE">Shape</attrlabl><attalias Sync="TRUE">Shape</attalias><attrtype Sync="TRUE">Geometry</attrtype><attwidth Sync="TRUE">0</attwidth><atprecis Sync="TRUE">0</atprecis><attscale Sync="TRUE">0</attscale><attrdef Sync="TRUE">Feature geometry.</attrdef><attrdefs Sync="TRUE">Esri</attrdefs><attrdomv><udom Sync="TRUE">Coordinates defining the features.</udom></attrdomv></attr><attr><attrlabl Sync="TRUE">opis</attrlabl><attalias Sync="TRUE">opis</attalias><attrtype Sync="TRUE">String</attrtype><attwidth Sync="TRUE">50</attwidth><atprecis Sync="TRUE">0</atprecis><attscale Sync="TRUE">0</attscale></attr><attr><attrlabl Sync="TRUE">Shape_Length</attrlabl><attalias Sync="TRUE">Shape_Length</attalias><attrtype Sync="TRUE">Double</attrtype><attwidth Sync="TRUE">8</attwidth><atprecis Sync="TRUE">0</atprecis><attscale Sync="TRUE">0</attscale><attrdef Sync="TRUE">Length of feature in internal units.</attrdef><attrdefs Sync="TRUE">Esri</attrdefs><attrdomv><udom Sync="TRUE">Positive real numbers that are automatically generated.</udom></attrdomv></attr><attr><attrlabl Sync="TRUE">Shape_Area</attrlabl><attalias Sync="TRUE">Shape_Area</attalias><attrtype Sync="TRUE">Double</attrtype><attwidth Sync="TRUE">8</attwidth><atprecis Sync="TRUE">0</atprecis><attscale Sync="TRUE">0</attscale><attrdef Sync="TRUE">Area of feature in internal units squared.</attrdef><attrdefs Sync="TRUE">Esri</attrdefs><attrdomv><udom Sync="TRUE">Positive real numbers that are automatically generated.</udom></attrdomv></attr></detailed></eainfo><mdDateSt Sync="TRUE">20210618</mdDateSt></metadata>
