<?xml version="1.0" encoding="UTF-8"?>
<metadata xml:lang="pl"><Esri><CreaDate>20210618</CreaDate><CreaTime>22253900</CreaTime><ArcGISFormat>1.0</ArcGISFormat><SyncOnce>TRUE</SyncOnce><DataProperties><lineage><Process ToolSource="c:\program files (x86)\arcgis\desktop10.7\ArcToolbox\Toolboxes\Data Management Tools.tbx\CalculateField" Date="20210618" Time="222539">CalculateField wilgotnosc wartosc 1 VB #</Process><Process Name="Add Field (3)" ToolSource="c:\program files (x86)\arcgis\desktop10.7\ArcToolbox\Toolboxes\Data Management Tools.tbx\AddField" Date="20220529" Time="165403">AddField wilgotnosc wartosc LONG # # # # NULLABLE NON_REQUIRED #</Process><Process Name="Calculate Field (3)" ToolSource="c:\program files (x86)\arcgis\desktop10.7\ArcToolbox\Toolboxes\Data Management Tools.tbx\CalculateField" Date="20220529" Time="171840">CalculateField wilgotnosc wartosc reclass(!opis!) PYTHON_9.3 "def reclass(opis):\n    if opis == 'suche':\n        return 1\n    else:\n        return 0"</Process><Process Name="Add Field (3)" ToolSource="c:\program files (x86)\arcgis\desktop10.7\ArcToolbox\Toolboxes\Data Management Tools.tbx\AddField" Date="20220529" Time="181338">AddField wilgotnosc wartosc LONG # # # # NULLABLE NON_REQUIRED #</Process><Process Name="Calculate Field (3)" ToolSource="c:\program files (x86)\arcgis\desktop10.7\ArcToolbox\Toolboxes\Data Management Tools.tbx\CalculateField" Date="20220529" Time="181338">CalculateField wilgotnosc wartosc reclass(!opis!) PYTHON_9.3 "def reclass(opis):\n    if opis == 'suche':\n        return 1\n    else:\n        return 0"</Process><Process Name="Add Field (3)" ToolSource="c:\program files (x86)\arcgis\desktop10.7\ArcToolbox\Toolboxes\Data Management Tools.tbx\AddField" Date="20220529" Time="181940">AddField wilgotnosc wartosc LONG # # # # NULLABLE NON_REQUIRED #</Process><Process Name="Calculate Field (3)" ToolSource="c:\program files (x86)\arcgis\desktop10.7\ArcToolbox\Toolboxes\Data Management Tools.tbx\CalculateField" Date="20220529" Time="181940">CalculateField wilgotnosc wartosc reclass(!opis!) PYTHON_9.3 "def reclass(opis):\n    if opis == 'suche':\n        return 1\n    else:\n        return 0"</Process><Process Name="Add Field (3)" ToolSource="c:\program files (x86)\arcgis\desktop10.7\ArcToolbox\Toolboxes\Data Management Tools.tbx\AddField" Date="20220529" Time="182141">AddField wilgotnosc wartosc LONG # # # # NULLABLE NON_REQUIRED #</Process><Process Name="Calculate Field (3)" ToolSource="c:\program files (x86)\arcgis\desktop10.7\ArcToolbox\Toolboxes\Data Management Tools.tbx\CalculateField" Date="20220529" Time="182141">CalculateField wilgotnosc wartosc reclass(!opis!) PYTHON_9.3 "def reclass(opis):\n    if opis == 'suche':\n        return 1\n    else:\n        return 0"</Process><Process Name="Add Field (3)" ToolSource="c:\program files (x86)\arcgis\desktop10.7\ArcToolbox\Toolboxes\Data Management Tools.tbx\AddField" Date="20220529" Time="182234">AddField wilgotnosc wartosc LONG # # # # NULLABLE NON_REQUIRED #</Process><Process Name="Calculate Field (3)" ToolSource="c:\program files (x86)\arcgis\desktop10.7\ArcToolbox\Toolboxes\Data Management Tools.tbx\CalculateField" Date="20220529" Time="182234">CalculateField wilgotnosc wartosc reclass(!opis!) PYTHON_9.3 "def reclass(opis):\n    if opis == 'suche':\n        return 1\n    else:\n        return 0"</Process><Process Name="Add Field (3)" ToolSource="c:\program files (x86)\arcgis\desktop10.7\ArcToolbox\Toolboxes\Data Management Tools.tbx\AddField" Date="20220529" Time="182350">AddField wilgotnosc wartosc LONG # # # # NULLABLE NON_REQUIRED #</Process><Process Name="Calculate Field (3)" ToolSource="c:\program files (x86)\arcgis\desktop10.7\ArcToolbox\Toolboxes\Data Management Tools.tbx\CalculateField" Date="20220529" Time="182350">CalculateField wilgotnosc wartosc reclass(!opis!) PYTHON_9.3 "def reclass(opis):\n    if opis == 'suche':\n        return 1\n    else:\n        return 0"</Process><Process Name="Add Field (3)" ToolSource="c:\program files (x86)\arcgis\desktop10.7\ArcToolbox\Toolboxes\Data Management Tools.tbx\AddField" Date="20220530" Time="145737">AddField wilgotnosc wartosc LONG # # # # NULLABLE NON_REQUIRED #</Process><Process Name="Calculate Field (3)" ToolSource="c:\program files (x86)\arcgis\desktop10.7\ArcToolbox\Toolboxes\Data Management Tools.tbx\CalculateField" Date="20220530" Time="145737">CalculateField wilgotnosc wartosc reclass(!opis!) PYTHON_9.3 "def reclass(opis):\n    if opis == 'suche':\n        return 1\n    else:\n        return 0"</Process><Process Name="Add Field (3)" ToolSource="c:\program files (x86)\arcgis\desktop10.7\ArcToolbox\Toolboxes\Data Management Tools.tbx\AddField" Date="20220530" Time="161108">AddField wilgotnosc wartosc LONG # # # # NULLABLE NON_REQUIRED #</Process><Process Name="Calculate Field (3)" ToolSource="c:\program files (x86)\arcgis\desktop10.7\ArcToolbox\Toolboxes\Data Management Tools.tbx\CalculateField" Date="20220530" Time="161108">CalculateField wilgotnosc wartosc reclass(!opis!) PYTHON_9.3 "def reclass(opis):\n    if opis == 'suche':\n        return 1\n    else:\n        return 0"</Process><Process Name="Add Field (3)" ToolSource="c:\program files (x86)\arcgis\desktop10.7\ArcToolbox\Toolboxes\Data Management Tools.tbx\AddField" Date="20220530" Time="161256">AddField wilgotnosc wartosc LONG # # # # NULLABLE NON_REQUIRED #</Process><Process Name="Calculate Field (3)" ToolSource="c:\program files (x86)\arcgis\desktop10.7\ArcToolbox\Toolboxes\Data Management Tools.tbx\CalculateField" Date="20220530" Time="161256">CalculateField wilgotnosc wartosc reclass(!opis!) PYTHON_9.3 "def reclass(opis):\n    if opis == 'suche':\n        return 1\n    else:\n        return 0"</Process></lineage></DataProperties></Esri></metadata>
